# Time(UTC), Date(UTC), Time(Australia/Perth: UTC+8h), Date(Australia/Perth: UTC+8h), Name, Gravity(milliGal), Tilt Correction(milliGal), Temp Correction(milliGal), Drift Correction(milliGal), Std Dev (milliGal), Std Err (milliGal), Tide Correction (milliGal), Temperature (C), Tilt X (degrees), Tilt Y (degrees), Notes
4:15:35, 2026/09/30, 12:15:35, 2026/09/30, Base Station,1248184.01,0.001486,0.159114,-217.29422,0.061195,0.015799,0.110184,15.724,-4.465349,-0.589784, 
4:14:56, 2026/09/30, 12:14:56, 2026/09/30, Base Station,1248183.961,0.003573,0.139656,-217.293237,0.062359,0.016124,0.109746,13.801,-4.460873,-0.583204, 
4:14:24, 2026/09/30, 12:14:24, 2026/09/30, Base Station,1248183.941,0.00056,0.105734,-217.292426,0.090799,0.023442,0.109386,10.449,-4.462631,-0.585683, 
4:01:24, 2026/09/30, 12:01:24, 2026/09/30, L3_S700,1248183.015,0.000176,0.252651,-217.272711,0.061795,0.015978,0.100222,24.968,-4.462081,-0.587934, 
4:00:46, 2026/09/30, 12:00:46, 2026/09/30, L3_S700,1248183.019,0.004087,0.252441,-217.271751,0.079185,0.020444,0.099757,24.947,-4.467591,-0.590273, 
3:57:05, 2026/09/30, 11:57:05, 2026/09/30, L3_S600,1248184.001,0.000694,0.253917,-217.266168,0.058949,0.015219,0.097025,25.093,-4.465263,-0.587679, 
3:56:29, 2026/09/30, 11:56:29, 2026/09/30, L3_S600,1248183.999,0.009639,0.253724,-217.265238,0.048027,0.012419,0.096575,25.074,-4.470874,-0.589691, 
3:52:45, 2026/09/30, 11:52:45, 2026/09/30, L3_S500,1248184,0.003345,0.254303,-217.259596,0.055783,0.014402,0.093756,25.131,-4.467827,-0.58803, 
3:52:06, 2026/09/30, 11:52:06, 2026/09/30, L3_S500,1248183.99,0.019184,0.253825,-217.258586,0.075467,0.019484,0.093245,25.084,-4.474444,-0.586762, 
3:48:18, 2026/09/30, 11:48:18, 2026/09/30, L3_S400,1248183.966,0.009084,0.254553,-217.252842,0.065556,0.016925,0.090303,25.156,-4.469866,-0.591483, 
3:47:42, 2026/09/30, 11:47:42, 2026/09/30, L3_S400,1248183.934,0.006793,0.253979,-217.251924,0.064674,0.016697,0.089834,25.099,-4.469829,-0.588294, 
3:44:03, 2026/09/30, 11:44:03, 2026/09/30, L3_S300,1248184.202,0.003236,0.252798,-217.246382,0.056171,0.014502,0.086953,24.982,-4.467339,-0.589521, 
3:43:25, 2026/09/30, 11:43:25, 2026/09/30, L3_S300,1248184.198,0.010261,0.252177,-217.245425,0.0573,0.014794,0.086449,24.921,-4.471373,-0.588421, 
3:40:06, 2026/09/30, 11:40:06, 2026/09/30, L3_S200,1248184.059,0.000544,0.251102,-217.240402,0.047898,0.012385,0.083787,24.815,-4.464953,-0.588055, 
3:39:25, 2026/09/30, 11:39:25, 2026/09/30, L3_S200,1248184.036,0.007609,0.250682,-217.239364,0.087061,0.022511,0.083234,24.773,-4.468544,-0.582921, 
3:35:53, 2026/09/30, 11:35:53, 2026/09/30, L3_S100,1248184.425,0.000711,0.253498,-217.234007,0.064677,0.016698,0.080354,25.052,-4.462564,-0.589675, 
3:35:11, 2026/09/30, 11:35:11, 2026/09/30, L3_S100,1248184.425,0.001617,0.253893,-217.232947,0.057292,0.014792,0.079779,25.091,-4.464017,-0.590723, 
3:30:24, 2026/09/30, 11:30:24, 2026/09/30, L2_S100,1248184.879,0.001884,0.255024,-217.22567,0.051628,0.01335,0.075812,25.202,-4.464895,-0.590631, 
3:29:43, 2026/09/30, 11:29:43, 2026/09/30, L2_S100,1248184.9,0.020238,0.253784,-217.224635,0.0639,0.016523,0.075241,25.08,-4.470829,-0.59629, 
3:26:28, 2026/09/30, 11:26:28, 2026/09/30, L2_S200,1248184.556,0.000149,0.253259,-217.219703,0.062258,0.016074,0.072506,25.028,-4.462138,-0.58783, 
3:25:49, 2026/09/30, 11:25:49, 2026/09/30, L2_S200,1248184.581,0.003467,0.252931,-217.218715,0.071903,0.018564,0.071955,24.996,-4.464514,-0.59217, 
3:22:27, 2026/09/30, 11:22:27, 2026/09/30, L2_S300,1248184.699,0.003664,0.250425,-217.213622,0.058413,0.015104,0.069089,24.748,-4.467071,-0.590542, 
3:21:45, 2026/09/30, 11:21:45, 2026/09/30, L2_S300,1248184.704,0.010957,0.250307,-217.212546,0.068723,0.017743,0.06849,24.736,-4.470935,-0.591085, 
3:18:46, 2026/09/30, 11:18:46, 2026/09/30, L2_S400,1248184.369,0.001794,0.252198,-217.20802,0.057931,0.014954,0.065925,24.923,-4.466469,-0.588431, 
3:18:13, 2026/09/30, 11:18:13, 2026/09/30, L2_S400,1248184.381,0.000455,0.25176,-217.207209,0.049762,0.012867,0.065449,24.88,-4.464217,-0.588907, 
3:14:37, 2026/09/30, 11:14:37, 2026/09/30, L2_S500,1248184.442,0.00034,0.249744,-217.201727,0.055829,0.014436,0.062325,24.681,-4.461694,-0.587013, 
3:14:05, 2026/09/30, 11:14:05, 2026/09/30, L2_S500,1248184.446,0.002142,0.249004,-217.200916,0.072983,0.018843,0.06186,24.608,-4.459361,-0.58691, 
3:10:27, 2026/09/30, 11:10:27, 2026/09/30, L2_S600,1248184.69,0.000361,0.24552,-217.195423,0.04912,0.012682,0.058678,24.263,-4.46212,-0.588767, 
3:09:55, 2026/09/30, 11:09:55, 2026/09/30, L2_S600,1248184.687,0.000148,0.244394,-217.194612,0.071911,0.018594,0.058209,24.152,-4.463239,-0.588547, 
2:59:21, 2026/09/30, 10:59:21, 2026/09/30, L2_S700,1248183.955,0.000559,0.238122,-217.178566,0.057664,0.014888,0.048831,23.532,-4.46464,-0.588742, 
2:58:42, 2026/09/30, 10:58:42, 2026/09/30, L2_S700,1248183.962,0.006501,0.237233,-217.177583,0.061696,0.015929,0.04825,23.444,-4.469277,-0.58994, 
2:48:28, 2026/09/30, 10:48:28, 2026/09/30, L1_S700,1248159.952,0.001382,0.234672,-217.162065,0.200724,0.051823,0.039042,23.191,-4.460262,-0.588669, 
2:47:56, 2026/09/30, 10:47:56, 2026/09/30, L1_S700,1248160.176,0.00195,0.234771,-217.161254,0.193565,0.049974,0.03856,23.201,-4.459479,-0.587581, 
2:44:22, 2026/09/30, 10:44:22, 2026/09/30, L1_S600,1248184.755,0.004109,0.237688,-217.155844,0.085047,0.021991,0.035334,23.489,-4.467739,-0.590042, 
2:43:50, 2026/09/30, 10:43:50, 2026/09/30, L1_S600,1248184.754,0.002682,0.237953,-217.155033,0.061982,0.016002,0.034851,23.515,-4.466908,-0.58945, 
2:39:51, 2026/09/30, 10:39:51, 2026/09/30, L1_S500,1248184.512,0.00332,0.243237,-217.14899,0.08536,0.022038,0.031242,24.038,-4.459356,-0.590437, 
2:39:19, 2026/09/30, 10:39:19, 2026/09/30, L1_S500,1248184.49,0.000642,0.243111,-217.148179,0.060758,0.015686,0.030758,24.025,-4.461467,-0.588842, 
2:36:12, 2026/09/30, 10:36:12, 2026/09/30, L1_S400,1248184.97,0.000924,0.24417,-217.143463,0.057269,0.014808,0.027933,24.13,-4.460835,-0.588596, 
2:35:25, 2026/09/30, 10:35:25, 2026/09/30, L1_S400,1248184.989,0.003497,0.244425,-217.142259,0.057072,0.014735,0.027223,24.155,-4.463812,-0.592348, 
2:30:23, 2026/09/30, 10:30:23, 2026/09/30, L1_S300,1248185.018,0.000066,0.244378,-217.134636,0.064519,0.016683,0.022663,24.15,-4.462552,-0.587186, 
2:29:05, 2026/09/30, 10:29:05, 2026/09/30, L1_S300,1248185.017,0.003242,0.243544,-217.132664,0.057995,0.014973,0.021486,24.068,-4.460075,-0.584012, 
2:24:46, 2026/09/30, 10:24:46, 2026/09/30, L1_S200,1248184.317,0.001249,0.247241,-217.12611,0.066194,0.017116,0.017586,24.433,-4.465872,-0.586701, 
2:24:07, 2026/09/30, 10:24:07, 2026/09/30, L1_S200,1248184.315,0.019608,0.247135,-217.125127,0.065351,0.016872,0.016999,24.423,-4.474353,-0.58521, 
2:19:41, 2026/09/30, 10:19:41, 2026/09/30, L1_S100,1248183.559,0.001776,0.246077,-217.118409,0.066579,0.017189,0.013008,24.318,-4.45966,-0.587236, 
2:19:01, 2026/09/30, 10:19:01, 2026/09/30, L1_S100,1248183.53,0.029118,0.245665,-217.117399,0.055578,0.014349,0.01241,24.278,-4.450979,-0.580569, 
1:55:55, 2026/09/30, 09:55:55, 2026/09/30, Base Station,1248184.388,0.00198,0.240173,-217.082342,0.071334,0.018417,-0.00797,23.735,-4.466426,-0.589072, 
1:55:23, 2026/09/30, 09:55:23, 2026/09/30, Base Station,1248184.379,0.002212,0.240517,-217.081531,0.080356,0.020778,-0.008429,23.769,-4.46653,-0.589333, 
1:54:51, 2026/09/30, 09:54:51, 2026/09/30, Base Station,1248184.377,0.001168,0.240462,-217.08072,0.070395,0.018174,-0.008888,23.763,-4.465506,-0.589004, 
