Name,Code,Code description,Easting,Northing,Elevation,Description,Longitude,Latitude,Ellipsoidal height,Origin,Tilt angle,Easting RMS,Northing RMS,Elevation RMS,Lateral RMS,Antenna height,Antenna height units,Solution status,Correction type,Averaging start,Averaging end,Samples,PDOP,GDOP,Base easting,Base northing,Base elevation,Base longitude,Base latitude,Base ellipsoidal height,Baseline,Mount point,CS name,GPS Satellites,GLONASS Satellites,Galileo Satellites,BeiDou Satellites,QZSS Satellites,Device type,Device serial number,Author
base,,,,,,,116.21083754,-31.52140868,209.513,Global,1.5,0.011,0.011,0.011,0.016,1.485,m,FIX,RTK,2026-10-01 13:08:50.6 UTC+08:00,2026-10-01 13:08:50.6 UTC+08:00,1,1.6,1.9,,,,116.21083248,-31.52143222,211.060,2.628,,Global CS,6,5,5,0,0,Reach RS4 Pro,82437fc1bdb493a2,
6300,,,,,,,116.21374568,-31.51646341,231.979,Global,0.4,0.011,0.011,0.015,0.016,1.485,m,FIX,RTK,2026-10-01 13:38:16.8 UTC+08:00,2026-10-01 13:38:16.8 UTC+08:00,1,1.8,2.1,,,,116.21083248,-31.52143222,211.060,616.937,,Global CS,8,6,5,0,0,Reach RS4 Pro,82437fc1bdb493a2,
6200,,,,,,,116.21478883,-31.51642215,231.316,Global,0.7,0.011,0.011,0.011,0.016,1.485,m,FIX,RTK,2026-10-01 13:41:07.6 UTC+08:00,2026-10-01 13:41:07.6 UTC+08:00,1,1.5,1.8,,,,116.21083248,-31.52143222,211.060,671.036,,Global CS,8,6,5,0,0,Reach RS4 Pro,82437fc1bdb493a2,
7100,,,,,,,116.21583398,-31.51550235,226.003,Global,0.2,0.011,0.011,0.013,0.016,1.485,m,FIX,RTK,2026-10-01 13:48:29.0 UTC+08:00,2026-10-01 13:48:29.0 UTC+08:00,1,1.7,2.0,,,,116.21083248,-31.52143222,211.060,811.357,,Global CS,8,6,6,0,0,Reach RS4 Pro,82437fc1bdb493a2,
6100,,,,,,,116.21584769,-31.51637454,223.884,Global,1.7,0.011,0.011,0.010,0.016,1.485,m,FIX,RTK,2026-10-01 13:50:13.6 UTC+08:00,2026-10-01 13:50:13.6 UTC+08:00,1,1.8,2.2,,,,116.21083248,-31.52143222,211.060,735.950,,Global CS,8,6,5,0,0,Reach RS4 Pro,82437fc1bdb493a2,
7200,,,,,,,116.21481340,-31.51547467,229.006,Global,1.8,0.011,0.011,0.011,0.016,1.485,m,FIX,RTK,2026-10-01 13:52:45.4 UTC+08:00,2026-10-01 13:52:45.4 UTC+08:00,1,1.5,1.8,,,,116.21083248,-31.52143222,211.060,761.434,,Global CS,8,6,5,0,0,Reach RS4 Pro,82437fc1bdb493a2,
7300,,,,,,,116.21374769,-31.51548441,233.056,Global,0.4,0.011,0.011,0.010,0.016,1.485,m,FIX,RTK,2026-10-01 13:54:41.8 UTC+08:00,2026-10-01 13:54:41.8 UTC+08:00,1,1.5,1.8,,,,116.21083248,-31.52143222,211.060,715.669,,Global CS,8,6,5,0,0,Reach RS4 Pro,82437fc1bdb493a2,
7400,,,,,,,116.21269496,-31.51549911,234.367,Global,0.5,0.011,0.011,0.010,0.016,1.485,m,FIX,RTK,2026-10-01 13:57:14.6 UTC+08:00,2026-10-01 13:57:14.6 UTC+08:00,1,1.5,1.8,,,,116.21083248,-31.52143222,211.060,681.686,,Global CS,7,6,6,0,0,Reach RS4 Pro,82437fc1bdb493a2,
7500,,,,,,,116.21171887,-31.51547210,236.157,Global,1.4,0.011,0.011,0.025,0.016,1.485,m,FIX,RTK,2026-10-01 13:59:18.8 UTC+08:00,2026-10-01 13:59:18.8 UTC+08:00,1,2.0,2.4,,,,116.21083248,-31.52143222,211.060,666.779,,Global CS,7,6,6,0,0,Reach RS4 Pro,82437fc1bdb493a2,
7600,,,,,,,116.21073098,-31.51549361,237.013,Global,0.4,0.011,0.011,0.010,0.016,1.485,m,FIX,RTK,2026-10-01 14:07:38.0 UTC+08:00,2026-10-01 14:07:38.0 UTC+08:00,1,1.7,2.0,,,,116.21083248,-31.52143222,211.060,659.131,,Global CS,6,6,5,0,0,Reach RS4 Pro,82437fc1bdb493a2,
7700,,,,,,,116.20954345,-31.51548269,237.141,Global,2.1,0.011,0.011,0.012,0.016,1.485,m,FIX,RTK,2026-10-01 14:11:16.4 UTC+08:00,2026-10-01 14:11:16.4 UTC+08:00,1,1.9,2.3,,,,116.21083248,-31.52143222,211.060,671.518,,Global CS,6,6,5,0,0,Reach RS4 Pro,82437fc1bdb493a2,
8700,,,,,,,116.20940230,-31.51445807,237.349,Global,8.4,0.012,0.012,0.012,0.017,1.485,m,FIX,RTK,2026-10-01 14:25:33.8 UTC+08:00,2026-10-01 14:25:33.8 UTC+08:00,1,1.3,1.5,,,,116.21083248,-31.52143222,211.060,785.576,,Global CS,6,8,5,0,0,Reach RS4 Pro,82437fc1bdb493a2,
8600,,,,,,,116.21062434,-31.51457212,236.790,Global,2.1,0.011,0.011,0.011,0.016,1.485,m,FIX,RTK,2026-10-01 14:29:15.6 UTC+08:00,2026-10-01 14:29:15.6 UTC+08:00,1,1.6,1.8,,,,116.21083248,-31.52143222,211.060,761.399,,Global CS,6,8,5,0,0,Reach RS4 Pro,82437fc1bdb493a2,
8500,,,,,,,116.21171970,-31.51458531,233.679,Global,0.5,0.011,0.011,0.010,0.016,1.485,m,FIX,RTK,2026-10-01 14:34:56.8 UTC+08:00,2026-10-01 14:34:56.8 UTC+08:00,1,1.7,1.9,,,,116.21083248,-31.52143222,211.060,764.246,,Global CS,7,5,5,0,0,Reach RS4 Pro,82437fc1bdb493a2,
8300,,,,,,,116.21378489,-31.51456919,231.144,Global,0.2,0.011,0.011,0.014,0.016,1.485,m,FIX,RTK,2026-10-01 14:55:39.0 UTC+08:00,2026-10-01 14:55:39.0 UTC+08:00,1,1.9,2.2,,,,116.21083248,-31.52143222,211.060,811.304,,Global CS,5,0,0,0,0,Reach RS4 Pro,82437fc1bdb493a2,
8200,,,,,,,116.21478917,-31.51459481,227.550,Global,0.8,0.011,0.011,0.011,0.016,1.485,m,FIX,RTK,2026-10-01 14:58:13.8 UTC+08:00,2026-10-01 14:58:13.8 UTC+08:00,1,1.3,1.5,,,,116.21083248,-31.52143222,211.060,846.397,,Global CS,7,5,5,0,0,Reach RS4 Pro,82437fc1bdb493a2,
8100,,,,,,,116.21588480,-31.51462060,223.830,Global,1.0,0.011,0.011,0.014,0.016,1.485,m,FIX,RTK,2026-10-01 15:00:11.8 UTC+08:00,2026-10-01 15:00:11.8 UTC+08:00,1,1.8,2.0,,,,116.21083248,-31.52143222,211.060,894.997,,Global CS,8,6,5,0,0,Reach RS4 Pro,82437fc1bdb493a2,
