Name,Longitude,Latitude,ELLipSoidaL height,,,,,979378
Base Station,116.2108375,-31.52140868,209.513,,,,,
L6_S300,116.2137457,-31.51646341,231.979,,,,,
L6_S200,116.2147888,-31.51642215,231.316,,,,,
L7_S100,116.215834,-31.51550235,226.003,,,,,
L6_S100,116.2158477,-31.51637454,223.884,,,,,
L7_S200,116.2148134,-31.51547467,229.006,,,,,
L7_S300,116.2137477,-31.51548441,233.056,,,,,
L7_S400,116.212695,-31.51549911,234.367,,,,,
L7_S500,116.2117189,-31.5154721,236.157,,,,,
L7_S600,116.210731,-31.51549361,237.013,,,,,
L7_S700,116.2095435,-31.51548269,237.141,,,,,
L8_S700,116.2094023,-31.51445807,237.349,,,,,
L8_S600,116.2106243,-31.51457212,236.79,,,,,
L8_S500,116.2117197,-31.51458531,233.679,,,,,
L8_S300,116.2137849,-31.51456919,231.144,,,,,
L8_S200,116.2147892,-31.51459481,227.55,,,,,
L8_S100,116.2158848,-31.5146206,223.83,,,,,
L1_S100,116.2158924,-31.52123668,218.949,,,,,
L1_S100,116.2158925,-31.5212368,218.955,,,,,
L1_S200,116.2148644,-31.52118304,216.1,,,,,
L1_S300,116.2138281,-31.52122793,211.371,,,,,
L1_S400,116.2127858,-31.52120742,210.479,,,,,
L1_S500,116.2116794,-31.52121831,211.715,,,,,
L1_S600,116.2106343,-31.52120723,210.128,,,,,
L1_S700,116.2095869,-31.52118169,208.18,,,,,
L1_S800,116.2085457,-31.52119724,209.431,,,,,
L2_S700,116.2094781,-31.51995499,214.152,,,,,
L2_S600,116.2106033,-31.51998821,211.446,,,,,
L2_S500,116.2116484,-31.51995165,213.812,,,,,
L2_S400,116.2126755,-31.51998622,214.952,,,,,
L2_S300,116.2137238,-31.51999843,213.991,,,,,
L2_S200,116.2148225,-31.52000166,215.432,,,,,
L2_S100,116.2158187,-31.52003687,214.143,,,,,
L3_S100,116.2158933,-31.5191146,217.875,,,,,
L3_S200,116.2147751,-31.51907418,219.729,,,,,
L3_S300,116.2137175,-31.51909705,217.374,,,,,
L3_S400,116.2126716,-31.51909489,218.083,,,,,
L3_S500,116.2116384,-31.51907698,216.861,,,,,
L3_S600,116.2105644,-31.51906566,216.034,,,,,
L3_S700,116.2095056,-31.51908295,219.761,,,,,
BaSe Station,116.2108234,-31.52144553,211.752,,,,,
BaSe Station,116.2108014,-31.52142433,210.994,,,,,
L4_S700,116.2095151,-31.51821106,225.495,,,,,
L4_S600,116.2105691,-31.51817104,222.736,,,,,
L4_S500,116.2116558,-31.51819015,221.233,,,,,
L4_S400,116.2126887,-31.51818831,221.35,,,,,
L4_S300,116.2137281,-31.51816698,222.012,,,,,
L4_S200,116.2148054,-31.51821132,225.003,,,,,
L4_S100,116.2158345,-31.51821942,223.354,,,,,
L5_S100,116.2158464,-31.5173236,223.573,,,,,
L5_S200,116.214818,-31.51732303,230.802,,,,,
L5_S300,116.2137886,-31.51728248,227.927,,,,,
L5_S400,116.2127579,-31.5172838,229.749,,,,,
L5_S500,116.2117119,-31.51735418,230.404,,,,,
L5_S600,116.2106447,-31.51724503,231.646,,,,,
L5_S700,116.2095933,-31.51723965,231.435,,,,,
L6_S700,116.2095353,-31.51636113,235.864,,,,,
L6_S600,116.2106005,-31.51638581,236.213,,,,,
L6_S500,116.2117009,-31.51639091,236.868,,,,,
L6_S400,116.2127391,-31.51638814,236.362,,,,,
L8_S400,116.212748,-31.5146697,233.77,,,,,
L9_S100,116.2159651,-31.513479,220.3,,,,,
L9_S200,116.2148633,-31.5135975,225.15,,,,,
L9_S300,116.2138668,-31.5135921,228.46,,,,,
L9_S400,116.2128161,-31.5137368,232.575,,,,,
L9_S500,116.211697,-31.513624,236.2,,,,,
L9_S600,116.210671,-31.5135759,240.22,,,,,
