Name,Lon,Lat,Height_Ellipsoid,Total Gravity,Free Air Disturbance
L1_S100,116.21589245,-31.52123674,218.952,-0.7662297349888831,-0.6742365956306458
L1_S200,116.2148644,-31.52118304,216.1,0.0202311109751462,-0.7636591945774853
L1_S300,116.2138281,-31.52122793,211.371,0.737293592421338,-1.5097157504642382
L1_S400,116.2127858,-31.52120742,210.479,0.7171503971330822,-1.8035046313889325
L1_S500,116.2116794,-31.52121831,211.715,0.249746392481029,-1.8903200359782204
L1_S600,116.2106343,-31.52120723,210.128,0.5165284113027155,-2.1124401167035103
L2_S100,116.2158187,-31.52003687,214.143,0.786649283953011,-0.5089419508585706
L2_S200,116.2148225,-31.52000166,215.432,0.454131671693176,-0.4408025637967512
L2_S300,116.2137238,-31.51999843,213.991,0.57525466196239,-0.7641531215049326
L2_S400,116.2126755,-31.51998622,214.952,0.2381498627364635,-0.8036828526528552
L2_S500,116.2116484,-31.51995165,213.812,0.2949625351466238,-1.0959232836030424
L2_S600,116.2106033,-31.51998821,211.446,0.5272286282852292,-1.5968164784135297
L2_S700,116.2094781,-31.51995499,214.152,-0.2355946621391922,-1.52181568054948
L3_S100,116.2158933,-31.5191146,217.875,0.338265681406483,0.26873116998467594
L3_S200,116.2147751,-31.51907418,219.729,-0.0268153930082917,0.4791005327133462
L3_S300,116.2137175,-31.51909705,217.374,0.1373622382525354,-0.08538191218394786
L3_S400,116.2126716,-31.51909489,218.083,-0.1000860373023897,-0.10383900825399905
L3_S500,116.2116384,-31.51907698,216.861,-0.0420804761815816,-0.42153494560625404
L3_S600,116.2105644,-31.51906566,216.034,-0.0242657933849841,-0.6580443970160559
L3_S700,116.2095056,-31.51908295,219.761,-0.9946181296836584,-0.4795322195859626
L4_S100,116.2158345,-31.51821942,223.354,-0.7292529551777989,0.9642569446004927
L4_S200,116.2148054,-31.51821132,225.003,-1.0642417795024812,1.1388463655021042
L4_S300,116.2137281,-31.51816698,222.012,-0.7702762398403138,0.5132778668776155
L4_S400,116.2126887,-31.51818831,221.35,-0.7247451338917017,0.3527802708558738
L4_S500,116.2116558,-31.51819015,221.233,-0.8919092244468629,0.14935860235709697
L4_S600,116.2105691,-31.51817104,222.736,-1.4224721135105938,0.08420132659375668
L4_S700,116.2095151,-31.51821106,225.495,-2.1553805882576853,0.19957294454798102
L5_S100,116.2158464,-31.5173236,223.573,-0.4129556650295853,1.420267688226886
L5_S200,116.214818,-31.51732303,230.802,-1.7361947358585894,2.328136724885553
L5_S300,116.2137886,-31.51728248,227.927,-1.4169923274312168,1.763303090003319
L5_S400,116.2127579,-31.5172838,229.749,-2.1292474714573477,1.6132590249180794
L5_S500,116.2117119,-31.51735418,230.404,-2.412592099746689,1.5263982203323394
L5_S600,116.2106447,-31.51724503,231.646,-2.845973373390734,1.4851183842401952
L5_S700,116.2095933,-31.51723965,231.435,-3.15279786917381,1.1136069346684963
L6_S400,116.2127391,-31.51638814,236.362,-3.093838549917564,2.7617205904098228
L6_S500,116.2117009,-31.51639091,236.868,-3.7489993521012366,2.2625011849449947
L6_S600,116.2106005,-31.51638581,236.213,-3.573070260230452,2.2366912942379713
L6_S700,116.2095353,-31.51636113,235.864,-3.948652667691931,1.7553855960723013
L1_S700,116.2095869,-31.52118169,208.18,-3.156131190713495,-6.384253139491193
L6_S100,116.2158477,-31.51637454,223.884,-1.2917967725079509,0.7138189114630222
L6_S200,116.2147888,-31.51642215,231.316,-2.8537569649051875,1.441738689900376
L6_S300,116.2137457,-31.51646341,231.979,-3.022406153380871,1.4743867156794295
L7_S100,116.215834,-31.51550235,226.003,-1.6400900522712618,1.0897255694726482
L7_S200,116.2148134,-31.51547467,229.006,-2.304397878004238,1.3544520209543407
L7_S300,116.2137477,-31.51548441,233.056,-3.7218496643472463,1.186151891713962
L7_S400,116.212695,-31.51549911,234.367,-4.202537930337712,1.1088884989731014
L7_S500,116.2117189,-31.5154721,236.157,-4.835094039328396,1.030946594197303
L7_S600,116.210731,-31.51549361,237.013,-5.3955335568171,0.732958608889021
L7_S700,116.2095435,-31.51548269,237.141,-6.017900290200487,0.1509750650729984
L8_S100,116.2158848,-31.5146206,223.83,-2.5278168919030577,-0.397659920854494
L8_S200,116.2147892,-31.51459481,227.55,-3.230462327832356,0.04986302321776748
L8_S300,116.2137849,-31.51456919,231.144,-4.235785577911884,0.1558055740315467
L8_S400,116.212748,-31.5146697,233.77,-4.508477619383484,0.6854734263615683
L8_S500,116.2117197,-31.51458531,233.679,-4.760695946170017,0.41196417214814574
L8_S600,116.2106243,-31.51457212,236.79,-5.410219059325755,0.7236369592137635
L8_S700,116.2094023,-31.51445807,237.349,-5.752480668015778,0.5630787031259388
L9_S100,116.2159651,-31.513479,220.3,-1.4464047343935815,-0.31379647029098123
L9_S200,116.2148633,-31.5135975,225.15,-2.2610854192171246,0.3588255498325452
L9_S300,116.2138668,-31.5135921,228.46,-3.48200505040586,0.1598952035419643
L9_S400,116.2128161,-31.5137368,232.575,-4.346265457803384,0.5539824642473832
L9_S500,116.211697,-31.513624,236.2,-6.013016361976042,0.015080617857165635
L9_S600,116.210671,-31.5135759,240.22,-6.341429312014952,0.931212903233245
