,Name,seconds_elapsed,Gravity_non_drift,Longitude,Latitude,ELLipSoidaL height,grav_drift
0,L1_S100,1470.0,1248400.662404,116.21589245,-31.52123674,218.952,-0.7662297349888831
1,L1_S200,1775.5,1248401.4416185,116.2148644,-31.52118304,216.1,0.020231110975146294
2,L1_S300,2093.0,1248402.1511499998,116.2138281,-31.52122793,211.371,0.737293592421338
3,L1_S400,2457.5,1248402.1223610002,116.2127858,-31.52120742,210.479,0.7171503971330822
4,L1_S500,2684.0,1248401.6495845001,116.2116794,-31.52121831,211.715,0.24974639248102903
5,L1_S600,2955.0,1248401.9099384998,116.2106343,-31.52120723,210.128,0.5165284113027155
6,L2_S100,5712.5,1248402.1146525,116.2158187,-31.52003687,214.143,0.786649283953011
7,L2_S200,5477.5,1248401.787709,116.2148225,-31.52000166,215.432,0.45413167169317603
8,L2_S300,5235.0,1248401.9145840001,116.2137238,-31.51999843,213.991,0.57525466196239
9,L2_S400,5018.5,1248401.5826145,116.2126755,-31.51998622,214.952,0.23814986273646355
10,L2_S500,4770.0,1248401.6453215,116.2116484,-31.51995165,213.812,0.29496253514662385
11,L2_S600,4520.0,1248401.8835175,116.2106033,-31.51998821,211.446,0.5272286282852292
12,L2_S700,3850.5,1248401.1365745,116.2094781,-31.51995499,214.152,-0.23559466213919222
13,L3_S100,6041.0,1248401.658477,116.2158933,-31.5191146,217.875,0.33826568140648305
14,L3_S200,6294.5,1248401.287383,116.2147751,-31.51907418,219.729,-0.02681539300829172
15,L3_S300,6533.0,1248401.4459035,116.2137175,-31.51909705,217.374,0.13736223825253546
16,L3_S400,6789.0,1248401.202383,116.2126716,-31.51909489,218.083,-0.10008603730238974
17,L3_S500,7054.5,1248401.254091,116.2116384,-31.51907698,216.861,-0.042080476181581616
18,L3_S600,7316.0,1248401.2657030001,116.2105644,-31.51906566,216.034,-0.024265793384984136
19,L3_S700,7574.0,1248400.289231,116.2095056,-31.51908295,219.761,-0.9946181296836585
0,L4_S100,3624.0,1248400.8986525,116.2158345,-31.51821942,223.354,-0.7292529551777989
1,L4_S200,3328.0,1248400.5616515,116.2148054,-31.51821132,225.003,-1.0642417795024812
2,L4_S300,2920.0,1248400.8528435002,116.2137281,-31.51816698,222.012,-0.7702762398403138
3,L4_S400,2354.0,1248400.894527,116.2126887,-31.51818831,221.35,-0.7247451338917017
4,L4_S500,2074.0,1248400.7254595,116.2116558,-31.51819015,221.233,-0.8919092244468629
5,L4_S600,1557.5,1248400.1913855001,116.2105691,-31.51817104,222.736,-1.4224721135105938
6,L4_S700,1048.0,1248399.4550135,116.2095151,-31.51821106,225.495,-2.1553805882576853
7,L5_S100,4046.0,1248401.2178185,116.2158464,-31.5173236,223.573,-0.41295566502958536
8,L5_S200,4439.0,1248399.8972510002,116.214818,-31.51732303,230.802,-1.7361947358585894
9,L5_S300,4775.0,1248400.2187375,116.2137886,-31.51728248,227.927,-1.4169923274312168
10,L5_S400,5086.0,1248399.5085965,116.2127579,-31.5172838,229.749,-2.1292474714573473
11,L5_S500,5689.0,1248399.229351,116.2117119,-31.51735418,230.404,-2.412592099746689
12,L5_S600,6128.0,1248398.7989540002,116.2106447,-31.51724503,231.646,-2.845973373390734
13,L5_S700,6462.0,1248398.4944,116.2095933,-31.51723965,231.435,-3.15279786917381
14,L6_S400,7893.5,1248398.5630905,116.2127391,-31.51638814,236.362,-3.093838549917564
15,L6_S500,7560.5,1248397.9056660002,116.2117009,-31.51639091,236.868,-3.7489993521012366
16,L6_S600,7177.5,1248398.0789915,116.2106005,-31.51638581,236.213,-3.573070260230452
17,L6_S700,6794.5,1248397.7008055001,116.2095353,-31.51636113,235.864,-3.948652667691931
0,L1_S700,10343.0,1248402.4589355001,116.2095869,-31.52118169,208.18,-3.156131190713495
1,L6_S100,2274.0,1248401.2824125001,116.2158477,-31.51637454,223.884,-1.2917967725079507
2,L6_S200,1934.0,1248399.592321,116.2147888,-31.51642215,231.316,-2.8537569649051875
3,L6_S300,1604.5,1248399.2994975,116.2137457,-31.51646341,231.979,-3.022406153380871
4,L7_S100,2893.5,1248401.1675820001,116.215834,-31.51550235,226.003,-1.6400900522712618
5,L7_S200,3184.5,1248400.6129394998,116.2148134,-31.51547467,229.006,-2.304397878004238
6,L7_S300,3584.0,1248399.346042,116.2137477,-31.51548441,233.056,-3.7218496643472463
7,L7_S400,3840.5,1248398.9620174998,116.212695,-31.51549911,234.367,-4.202537930337712
8,L7_S500,4136.5,1248398.441011,116.2117189,-31.5154721,236.157,-4.835094039328396
9,L7_S600,4489.0,1248398.0134135,116.210731,-31.51549361,237.013,-5.3955335568170995
10,L7_S700,5039.0,1248397.5983179999,116.2095435,-31.51548269,237.141,-6.017900290200487
11,L8_S100,7566.0,1248402.0407185,116.2158848,-31.5146206,223.83,-2.5278168919030577
12,L8_S200,7144.0,1248401.1790395,116.2147892,-31.51459481,227.55,-3.230462327832356
13,L8_S300,6842.0,1248400.0599055,116.2137849,-31.51456919,231.144,-4.235785577911884
14,L8_S400,6524.0,1248399.667373,116.212748,-31.5146697,233.77,-4.508477619383484
15,L8_S500,6207.5,1248399.2958795,116.2117197,-31.51458531,233.679,-4.760695946170017
16,L8_S600,5889.0,1248398.5263275001,116.2106243,-31.51457212,236.79,-5.410219059325755
17,L8_S700,5382.0,1248397.9929995001,116.2094023,-31.51445807,237.349,-5.752480668015778
18,L9_S100,7808.0,1248403.2133300002,116.2159651,-31.513479,220.3,-1.4464047343935817
19,L9_S200,8093.0,1248402.5060534999,116.2148633,-31.5135975,225.15,-2.2610854192171246
20,L9_S300,8326.0,1248401.3729415,116.2138668,-31.5135921,228.46,-3.48200505040586
21,L9_S400,8787.5,1248400.6826005,116.2128161,-31.5137368,232.575,-4.3462654578033835
22,L9_S500,9057.0,1248399.1174125,116.211697,-31.513624,236.2,-6.013016361976042
23,L9_S600,9399.5,1248398.918073,116.210671,-31.5135759,240.22,-6.341429312014952
