Lon,Lat,Easting,Northing,Height_Ellipsoid,Height_Sea_Level,Total Gravity,Free Air Disturbance,Topo Free Disturbance
116.21589245,-31.52123674,425553.5331267423,6512363.2654912,218.952,247.855,-0.7662297349888831,-0.6742365956306458,-48.5524135749161
116.2148644,-31.52118304,425455.8803043183,6512368.518650043,216.1,245.01,0.0202311109751462,-0.7636591945774853,-48.038586636478136
116.2138281,-31.52122793,425357.52244228695,6512362.837669468,211.371,240.29,0.7372935926541686,-1.5097157502314076,-47.38758592685971
116.2127858,-31.52120742,425258.54290847445,6512364.40052836,210.479,239.4,0.7171503971330822,-1.8035046313889325,-47.401573737984116
116.2116794,-31.52121831,425153.5022537687,6512362.438324511,211.715,240.65,0.2497463927138596,-1.8903200357453895,-49.254136191801834
116.2106343,-31.52120723,425054.26431926014,6512362.95211718,210.128,239.07,0.5165284113027155,-2.1124401167035103,-50.66491579172265
116.2158187,-31.52003687,425545.5791190625,6512496.207592696,214.143,243.04,0.7866492841858417,-0.50894195062574,-46.44199314692848
116.2148225,-31.52000166,425450.963828943,6512499.43295696,215.432,244.34,0.454131671693176,-0.4408025637967512,-46.80196146761817
116.2137238,-31.51999843,425346.6416973106,6512499.043012898,213.991,242.91,0.5752546621952206,-0.764153121272102,-46.762632768130516
116.2126755,-31.51998622,425247.0977844188,6512499.681737211,214.952,243.87,0.2381498627364635,-0.8036828526528552,-47.547616013532895
116.2116484,-31.51995165,425149.5489079911,6512502.812347569,213.812,242.74,0.2949625353794545,-1.0959232833702115,-49.205625250249724
116.2106033,-31.51998821,425050.34767004306,6512498.04576288,211.446,240.38,0.5272286285180598,-1.596816478180699,-49.732795629066324
116.2094781,-31.51995499,424943.4853545533,6512500.957710927,214.152,243.1,-0.2355946621391922,-1.52181568054948,-50.76048482355844
116.2158933,-31.5191146,425551.93084565166,6512598.481601463,217.875,246.77,0.3382656816393137,0.2687311702175066,-46.87829851990203
116.2147751,-31.51907418,425445.72670184425,6512602.20151886,219.729,248.64,-0.026815392775461,0.4791005329461768,-47.205327800853894
116.2137175,-31.51909705,425345.3267034629,6512598.946647475,217.374,246.29,0.1373622384853661,-0.0853819119511172,-46.96057624099114
116.2126716,-31.51909489,425246.017715438,6512598.473083948,218.083,247.0,-0.1000860370695591,-0.1038390080211684,-48.14546753120177
116.2116384,-31.51907698,425147.90200723894,6512599.75295935,216.861,245.79,-0.0420804759487509,-0.4215349453734234,-49.15832601568705
116.2105644,-31.51906566,425045.91758598876,6512600.27357683,216.034,244.97,-0.0242657931521534,-0.6580443967832252,-49.51741055220694
116.2095056,-31.51908295,424945.3992293584,6512597.632504478,219.761,248.7,-0.9946181294508278,-0.4795322193531319,-50.422450819399174
116.2158345,-31.51821942,425545.63788626564,6512697.662343448,223.354,252.25,-0.7292529556434602,0.9642569441348314,-47.88771155594128
116.2148054,-31.51821132,425447.91843991936,6512697.860521103,225.003,253.91,-1.0642417799681425,1.1388463650364429,-48.43816508139827
116.2137281,-31.51816698,425345.5935573367,6512702.041747,222.012,250.92,-0.7702762403059751,0.5132778664119542,-48.277726417893845
116.2126887,-31.51818831,425246.91946488194,6512698.969034178,221.35,250.27,-0.724745134357363,0.3527802703902125,-48.53261107947985
116.2116558,-31.51819015,425148.84704174235,6512698.060073493,221.233,250.16,-0.8919092249125242,0.1493586018914356,-48.97859522076259
116.2105691,-31.51817104,425045.6495723067,6512699.435467279,222.736,251.67,-1.422472113976255,0.0842013261280953,-49.779422182299626
116.2095151,-31.51821106,424945.60418929067,6512694.2783306055,225.495,254.43,-2.1553805887233466,0.1995729440823197,-50.28186686019149
116.2158464,-31.5173236,425546.0573575215,6512796.962040283,223.573,252.47,-0.4129556654952466,1.4202676877612248,-47.89652450574245
116.214818,-31.51732303,425448.4094240862,6512796.326099579,230.802,259.7,-1.7361947363242507,2.328136724419892,-49.13002651101303
116.2137886,-31.51728248,425350.6347385178,6512800.1198970955,227.927,256.84,-1.416992327896878,1.7633030895376578,-49.13211922811644
116.2127579,-31.5172838,425252.76985672576,6512799.271069003,229.749,258.66,-2.129247471923009,1.613259024452418,-49.59800001992911
116.2117119,-31.51735418,425153.507273467,6512790.756340951,230.404,259.33,-2.4125921002123505,1.526398219866678,-49.933800187511366
116.2106447,-31.51724503,425052.0885506287,6512802.125064384,231.646,260.58,-2.8459733738563955,1.485118383774534,-49.51938782933513
116.2095933,-31.51723965,424952.25275848206,6512802.001874259,231.435,260.37,-3.152797869639471,1.113606934202835,-50.28703846113415
116.2127391,-31.51638814,425250.27167638263,6512898.532143902,236.362,265.28,-3.093838550383225,2.761720589944161,-50.76284520104987
116.2117009,-31.51639091,425151.6948693024,6512897.516551272,236.868,265.79,-3.748999352566898,2.262501184479333,-50.54169827543314
116.2106005,-31.51638581,425047.2057679263,6512897.329789244,236.213,265.14,-3.573070260696113,2.23669129377231,-49.49894434535051
116.2095353,-31.51636113,424946.043296738,6512899.33630912,235.864,264.8,-3.948652668157592,1.75538559560664,-50.1360563279644
116.2095869,-31.52118169,424954.79641154304,6512365.066119418,208.18,237.13,-3.156131191411987,-6.384253140189685,-55.0084372259859
116.2158477,-31.51637454,425545.42815927014,6512902.155578338,223.884,252.78,-1.2917967727407813,0.7138189112301916,-48.84345171397092
116.2147888,-31.51642215,425444.921466774,6512896.158689935,231.316,260.22,-2.8537569649051875,1.441738689900376,-50.19578233035166
116.2137457,-31.51646341,425345.91005323327,6512890.875417735,231.979,260.89,-3.022406153613701,1.4743867154465988,-50.276086890432836
116.215834,-31.51550235,425543.4356510699,6512998.818735406,226.003,254.89,-1.6400900525040925,1.0897255692398176,-49.33900435824198
116.2148134,-31.51547467,425446.5049275996,6513001.19295131,229.006,257.9,-2.304397878004238,1.3544520209543407,-49.81591012938705
116.2137477,-31.51548441,425345.3215188875,6512999.387958438,233.056,261.96,-3.721849664580077,1.186151891481131,-51.265834662210366
116.212695,-31.51549911,425245.37645427394,6512997.041087799,234.367,263.28,-4.202537930570543,1.1088884987402707,-51.64675914874762
116.2117189,-31.5154721,425152.67153942125,6512999.3686575685,236.157,265.08,-4.835094039561227,1.0309465939644724,-51.17887010998052
116.210731,-31.51549361,425058.8848454789,6512996.309434263,237.013,265.94,-5.395533557282761,0.7329586084233597,-51.14798575185459
116.2095435,-31.51548269,424946.119688754,6512996.707198121,237.141,266.07,-6.017900290433317,0.1509750648401677,-52.01433262700928
116.2158848,-31.5146206,425547.5600622923,6513096.585314744,223.83,252.72,-2.527816892368719,-0.3976599213201552,-50.527454438775386
116.2147892,-31.51459481,425443.50840859883,6513098.699084505,227.55,256.45,-3.2304623280651867,0.0498630229849368,-50.79851805196003
116.2137849,-31.51456919,425348.12609133276,6513100.855162067,231.144,260.05,-4.235785578377545,0.1558055735658854,-51.70647693746109
116.212748,-31.5146697,425249.74863453227,6513089.008037388,233.77,262.68,-4.508477619849145,0.685473425895907,-51.858926848143774
116.2117197,-31.51458531,425152.04058325035,6513097.659944737,233.679,262.6,-4.760695946635678,0.4119641716824844,-51.360908544013625
116.2106243,-31.51457212,425048.0177832148,6513098.373329917,236.79,265.71,-5.410219059558585,0.7236369589809328,-51.211941341446135
116.2094023,-31.51445807,424931.8931614376,6513110.178175644,237.349,266.28,-5.752480668248609,0.5630787028931081,-51.44126880862815
116.2159651,-31.513479,425554.27972011955,6513223.173357831,220.3,249.19,-1.446404734859243,-0.3137964707566425,-51.28852622010903
116.2148633,-31.5135975,425449.7526445829,6513209.290079916,225.15,254.04,-2.261085419682786,0.3588255493668839,-52.082011414687926
116.2138668,-31.5135921,425355.12603817333,6513209.2103862185,228.46,257.36,-3.482005050871521,0.159895203076303,-53.324609193510625
116.2128161,-31.5137368,425255.4723502225,6513192.455973325,232.575,261.48,-4.346265458501875,0.5539824635488912,-53.96462419089566
116.211697,-31.513624,425149.1188096535,6513204.194875946,236.2,265.11,-6.013016362674534,0.0150806171586737,-53.04886080336682
116.210671,-31.5135759,425051.65693413466,6513208.825092574,240.22,269.14,-6.341429312480614,0.9312129027675836,-51.19974387134241
